"County","State","FIPS","Total Vote","Clinton","Trump"
"Autauga","AL","01001",24973,5936,18172
"Baldwin","AL","01003",95215,18458,72883
"Barbour","AL","01005",10469,4871,5454
"Bibb","AL","01007",8819,1874,6738
"Blount","AL","01009",25588,2156,22859
"Bullock","AL","01011",4710,3530,1140
"Butler","AL","01013",8732,3726,4901
"Calhoun","AL","01015",47864,13242,32865
"Chambers","AL","01017",13900,5784,7843
"Cherokee","AL","01019",10733,1547,8953
"Chilton","AL","01021",18369,2911,15081
"Choctaw","AL","01023",7292,3109,4106
"Clarke","AL","01025",13031,5749,7140
"Clay","AL","01027",6624,1237,5245
"Cleburne","AL","01029",6593,684,5764
"Coffee","AL","01031",20767,4221,15875
"Colbert","AL","01033",24915,7312,16746
"Conecuh","AL","01035",6585,3080,3420
"Coosa","AL","01037",5252,1782,3381
"Covington","AL","01039",15940,2387,13267
"Crenshaw","AL","01041",6267,1664,4513
"Cullman","AL","01043",37873,3798,32989
"Dale","AL","01045",18749,4413,13808
"Dallas","AL","01047",18792,12836,5789
"DeKalb","AL","01049",25826,3622,21405
"Elmore","AL","01051",37260,8443,27634
"Escambia","AL","01053",14845,4605,9935
"Etowah","AL","01055",44164,10442,32353
"Fayette","AL","01057",8249,1362,6712
"Franklin","AL","01059",12040,2197,9466
"Geneva","AL","01061",11758,1525,9994
"Greene","AL","01063",4880,4013,838
"Hale","AL","01065",8040,4775,3173
"Henry","AL","01067",8072,2292,5632
"Houston","AL","01069",42639,10664,30728
"Jackson","AL","01071",20984,3673,16672
"Jefferson","AL","01073",304191,156873,134768
"Lamar","AL","01075",6966,1036,5823
"Lauderdale","AL","01077",39525,9952,27899
"Lawrence","AL","01079",14829,3627,10833
"Lee","AL","01081",59191,21230,34617
"Limestone","AL","01083",40294,9468,29067
"Lowndes","AL","01085",6684,4883,1751
"Macon","AL","01087",9140,7566,1431
"Madison","AL","01089",163389,62822,89520
"Marengo","AL","01091",10994,5615,5233
"Marion","AL","01093",12984,1432,11274
"Marshall","AL","01095",35316,4917,29233
"Mobile","AL","01097",172737,72186,95116
"Monroe","AL","01099",10271,4332,5795
"Montgomery","AL","01101",95878,58916,34003
"Morgan","AL","01103",50644,11254,37486
"Perry","AL","01105",5278,3824,1407
"Pickens","AL","01107",9542,3972,5456
"Pike","AL","01109",13168,5056,7693
"Randolph","AL","01111",10187,2291,7705
"Russell","AL","01113",19256,9579,9210
"St. Clair","AL","01115",38400,5589,31651
"Shelby","AL","01117",101254,22977,73020
"Sumter","AL","01119",6411,4746,1581
"Talladega","AL","01121",33407,12121,20614
"Tallapoosa","AL","01123",19486,5519,13594
"Tuscaloosa","AL","01125",82700,31762,47723
"Walker","AL","01127",29472,4497,24266
"Washington","AL","01129",8533,2374,6042
"Wilcox","AL","01131",6123,4339,1742
"Winston","AL","01133",10313,872,9228
"Appling","GA","13001",7012,1434,5494
"Atkinson","GA","13003",2610,697,1878
"Bacon","GA","13005",4020,608,3364
"Baker","GA","13007",1440,650,775
"Baldwin","GA","13009",16116,7970,7697
"Banks","GA","13011",6975,684,6134
"Barrow","GA","13013",29061,6580,21108
"Bartow","GA","13015",39550,8212,29911
"Ben Hill","GA","13017",5936,2101,3739
"Berrien","GA","13019",6590,1047,5422
"Bibb","GA","13021",62596,36787,24043
"Bleckley","GA","13023",4974,1101,3719
"Brantley","GA","13025",6301,619,5567
"Brooks","GA","13027",6336,2528,3701
"Bryan","GA","13029",15173,4014,10529
"Bulloch","GA","13031",25316,9261,15097
"Burke","GA","13033",9351,4731,4491
"Butts","GA","13035",9514,2566,6717
"Calhoun","GA","13037",2025,1179,830
"Camden","GA","13039",18901,5930,12310
"Candler","GA","13043",3763,1026,2664
"Carroll","GA","13045",44121,12464,30029
"Catoosa","GA","13047",26757,4771,20876
"Charlton","GA","13049",4016,1004,2951
"Chatham","GA","13051",113051,62290,45688
"Chattahoochee","GA","13053",1390,594,751
"Chattooga","GA","13055",8252,1613,6462
"Cherokee","GA","13057",112784,25231,80649
"Clarke","GA","13059",44976,29603,12717
"Clay","GA","13061",1273,697,566
"Clayton","GA","13063",93580,78220,12645
"Clinch","GA","13065",2455,686,1727
"Cobb","GA","13067",334058,160121,152912
"Coffee","GA","13069",13915,4094,9588
"Colquitt","GA","13071",13624,3463,9898
"Columbia","GA","13073",65207,18887,43085
"Cook","GA","13075",6057,1753,4176
"Coweta","GA","13077",61745,16583,42533
"Crawford","GA","13079",5176,1421,3635
"Crisp","GA","13081",7512,2837,4549
"Dade","GA","13083",6242,965,5051
"Dawson","GA","13085",11820,1448,9900
"Decatur","GA","13087",10286,4124,6020
"DeKalb","GA","13089",317849,251370,51468
"Dodge","GA","13091",7009,1839,5021
"Dooly","GA","13093",3859,1872,1951
"Dougherty","GA","13095",34087,23311,10232
"Douglas","GA","13097",57738,31005,24817
"Early","GA","13099",4785,2168,2552
"Echols","GA","13101",1182,156,1007
"Effingham","GA","13103",23458,4853,17874
"Elbert","GA","13105",7987,2539,5292
"Emanuel","GA","13107",7860,2435,5335
"Evans","GA","13109",3613,1130,2404
"Fannin","GA","13111",11812,1923,9632
"Fayette","GA","13113",61511,23284,35048
"Floyd","GA","13115",34608,9159,24114
"Forsyth","GA","13117",98221,23462,69851
"Franklin","GA","13119",8502,1243,7054
"Fulton","GA","13121",438751,297051,117783
"Gilmer","GA","13123",12773,1965,10477
"Glascock","GA","13125",1390,138,1235
"Glynn","GA","13127",34437,11775,21512
"Gordon","GA","13129",18959,3181,15191
"Grady","GA","13131",9213,3013,6053
"Greene","GA","13133",8852,3199,5490
"Gwinnett","GA","13135",330950,166153,146989
"Habersham","GA","13137",16243,2483,13190
"Hall","GA","13139",71142,16180,51733
"Hancock","GA","13141",3580,2701,843
"Haralson","GA","13143",11357,1475,9585
"Harris","GA","13145",16502,4086,11936
"Hart","GA","13147",10117,2585,7286
"Heard","GA","13149",4223,743,3370
"Henry","GA","13151",99367,50057,45724
"Houston","GA","13153",60079,22553,35430
"Irwin","GA","13155",3670,891,2716
"Jackson","GA","13157",27190,4491,21784
"Jasper","GA","13159",6045,1544,4360
"Jeff Davis","GA","13161",5096,901,4104
"Jefferson","GA","13163",6968,3821,3063
"Jenkins","GA","13165",3056,1123,1895
"Johnson","GA","13167",3686,1136,2519
"Jones","GA","13169",12551,3961,8305
"Lamar","GA","13171",7612,2270,5190
"Lanier","GA","13173",2871,806,1984
"Laurens","GA","13175",19530,6752,12411
"Lee","GA","13177",14143,3170,10646
"Liberty","GA","13179",16143,9556,6134
"Lincoln","GA","13181",4102,1273,2759
"Long","GA","13183",4117,1360,2626
"Lowndes","GA","13185",37805,15064,21635
"Lumpkin","GA","13187",12425,2220,9619
"McDuffie","GA","13189",9268,3699,5432
"McIntosh","GA","13191",5903,2303,3487
"Macon","GA","13193",4287,2705,1540
"Madison","GA","13195",11998,2425,9201
"Marion","GA","13197",3190,1213,1921
"Meriwether","GA","13199",9217,3804,5222
"Miller","GA","13201",2544,623,1891
"Mitchell","GA","13205",7880,3493,4279
"Monroe","GA","13207",12687,3571,8832
"Montgomery","GA","13209",3576,847,2670
"Morgan","GA","13211",9475,2663,6559
"Murray","GA","13213",12458,1800,10341
"Muscogee","GA","13215",69032,39851,26976
"Newton","GA","13217",43987,21943,20913
"Oconee","GA","13219",20149,5581,13425
"Oglethorpe","GA","13221",6674,1831,4625
"Paulding","GA","13223",64890,18025,44662
"Peach","GA","13225",10752,5100,5413
"Pickens","GA","13227",14058,1979,11651
"Pierce","GA","13229",7311,903,6302
"Pike","GA","13231",8725,1240,7278
"Polk","GA","13233",14215,2867,11014
"Pulaski","GA","13235",3605,1104,2437
"Putnam","GA","13237",9488,2758,6544
"Quitman","GA","13239",1044,461,575
"Rabun","GA","13241",7992,1444,6287
"Randolph","GA","13243",2899,1598,1271
"Richmond","GA","13245",75515,48814,24461
"Rockdale","GA","13247",37869,23255,13478
"Schley","GA","13249",1909,401,1472
"Screven","GA","13251",5715,2300,3305
"Seminole","GA","13253",3588,1189,2345
"Spalding","GA","13255",25704,9357,15646
"Stephens","GA","13257",9815,1837,7686
"Stewart","GA","13259",2058,1222,805
"Sumter","GA","13261",10974,5520,5276
"Talbot","GA","13263",3246,2002,1196
"Taliaferro","GA","13265",897,545,349
"Tattnall","GA","13267",6903,1681,5096
"Taylor","GA","13269",3408,1296,2064
"Telfair","GA","13271",3796,1313,2450
"Terrell","GA","13273",4189,2267,1874
"Thomas","GA","13275",18802,7142,11228
"Tift","GA","13277",14219,4347,9584
"Toombs","GA","13279",9138,2338,6615
"Towns","GA","13281",6764,1210,5383
"Treutlen","GA","13283",2703,862,1809
"Troup","GA","13285",26111,9713,15750
"Turner","GA","13287",3398,1246,2095
"Twiggs","GA","13289",4059,1971,2035
"Union","GA","13291",12063,1963,9852
"Upson","GA","13293",10934,3475,7292
"Walker","GA","13295",23956,4215,18950
"Walton","GA","13297",40698,8292,31125
"Ware","GA","13299",12184,3440,8513
"Warren","GA","13301",2334,1314,991
"Washington","GA","13303",8461,4200,4149
"Wayne","GA","13305",10413,2041,8153
"Webster","GA","13307",1116,473,630
"Wheeler","GA","13309",2102,646,1421
"White","GA","13311",11823,1674,9761
"Whitfield","GA","13313",30658,7937,21537
"Wilcox","GA","13315",2976,852,2096
"Wilkes","GA","13317",4486,1848,2572
"Wilkinson","GA","13319",4287,1894,2333
"Worth","GA","13321",8295,2020,6152
"Adair","KY","21001",8233,1323,6637
"Allen","KY","21003",8096,1349,6466
"Anderson","KY","21005",11422,2634,8242
"Ballard","KY","21007",4101,816,3161
"Barren","KY","21009",18488,4275,13483
"Bath","KY","21011",4587,1361,3082
"Bell","KY","21013",9718,1720,7764
"Boone","KY","21015",57618,15026,39082
"Bourbon","KY","21017",8803,2791,5569
"Boyd","KY","21019",20454,6021,13591
"Boyle","KY","21021",12946,4281,8040
"Bracken","KY","21023",3527,705,2711
"Breathitt","KY","21025",5738,1537,3991
"Breckinridge","KY","21027",8774,1960,6484
"Bullitt","KY","21029",36069,8255,26210
"Butler","KY","21031",5576,947,4428
"Caldwell","KY","21033",5975,1260,4507
"Calloway","KY","21035",16049,4749,10367
"Campbell","KY","21037",42510,14658,25050
"Carlisle","KY","21039",2601,432,2094
"Carroll","KY","21041",3855,1106,2588
"Carter","KY","21043",10278,2276,7587
"Casey","KY","21045",6439,767,5482
"Christian","KY","21047",22083,7188,14108
"Clark","KY","21049",16205,4706,10710
"Clay","KY","21051",6767,752,5861
"Clinton","KY","21053",4462,547,3809
"Crittenden","KY","21055",4037,617,3290
"Cumberland","KY","21057",3066,459,2502
"Daviess","KY","21059",45807,14163,28907
"Edmonson","KY","21061",5244,979,4135
"Elliott","KY","21063",2855,740,2000
"Estill","KY","21065",5545,1108,4236
"Fayette","KY","21067",136315,69778,56894
"Fleming","KY","21069",6260,1348,4722
"Floyd","KY","21071",16540,4015,11993
"Franklin","KY","21073",23865,10717,11819
"Fulton","KY","21075",2382,774,1549
"Gallatin","KY","21077",3338,749,2443
"Garrard","KY","21079",7623,1453,5904
"Grant","KY","21081",9559,1910,7268
"Graves","KY","21083",16606,3308,12671
"Grayson","KY","21085",10576,1959,8219
"Green","KY","21087",5333,832,4372
"Greenup","KY","21089",16277,4146,11546
"Hancock","KY","21091",4295,1244,2788
"Hardin","KY","21093",43156,13944,26971
"Harlan","KY","21095",10757,1372,9129
"Harrison","KY","21097",7781,2031,5435
"Hart","KY","21099",7264,1730,5320
"Henderson","KY","21101",19710,6707,12159
"Henry","KY","21103",7149,1828,4944
"Hickman","KY","21105",2157,449,1657
"Hopkins","KY","21107",20345,4310,15277
"Jackson","KY","21109",5501,482,4889
"Jefferson","KY","21111",353099,190836,143768
"Jessamine","KY","21113",23326,6144,15474
"Johnson","KY","21115",9572,1250,8043
"Kenton","KY","21117",71998,24214,42958
"Knott","KY","21119",5763,1245,4357
"Knox","KY","21121",12012,1761,9885
"Larue","KY","21123",6367,1278,4799
"Laurel","KY","21125",24833,3440,20592
"Lawrence","KY","21127",6042,1045,4816
"Lee","KY","21129",2667,444,2151
"Leslie","KY","21131",4492,400,4015
"Letcher","KY","21133",9134,1542,7293
"Lewis","KY","21135",5298,785,4363
"Lincoln","KY","21137",9561,1865,7338
"Livingston","KY","21139",4645,887,3570
"Logan","KY","21141",10899,2755,7778
"Lyon","KY","21143",3962,1045,2789
"McCracken","KY","21145",31307,9134,20774
"McCreary","KY","21147",5776,664,5012
"McLean","KY","21149",4566,988,3381
"Madison","KY","21151",37371,11793,23431
"Magoffin","KY","21153",5116,1172,3824
"Marion","KY","21155",8111,2679,5122
"Marshall","KY","21157",16698,3672,12322
"Martin","KY","21159",3953,363,3503
"Mason","KY","21161",7219,1970,4944
"Meade","KY","21163",12231,3026,8660
"Menifee","KY","21165",2779,700,2010
"Mercer","KY","21167",10585,2395,7740
"Metcalfe","KY","21169",4620,976,3491
"Monroe","KY","21171",4991,601,4278
"Montgomery","KY","21173",11452,3158,7856
"Morgan","KY","21175",4775,1006,3628
"Muhlenberg","KY","21177",13060,3272,9393
"Nelson","KY","21179",20802,6434,13431
"Nicholas","KY","21181",2841,787,1957
"Ohio","KY","21183",10398,2080,7942
"Oldham","KY","21185",32853,10268,20469
"Owen","KY","21187",5001,1062,3745
"Owsley","KY","21189",1759,256,1474
"Pendleton","KY","21191",6007,1164,4604
"Perry","KY","21193",10572,2136,8158
"Pike","KY","21195",24665,4280,19747
"Powell","KY","21197",4957,1272,3513
"Pulaski","KY","21199",28041,4208,22902
"Robertson","KY","21201",1013,222,759
"Rockcastle","KY","21203",6691,915,5609
"Rowan","KY","21205",8848,3295,5174
"Russell","KY","21207",8174,1093,6863
"Scott","KY","21209",24200,7715,15052
"Shelby","KY","21211",20580,6276,13196
"Simpson","KY","21213",7531,2144,5077
"Spencer","KY","21215",9515,1921,7196
"Taylor","KY","21217",11306,2553,8320
"Todd","KY","21219",4779,1042,3612
"Trigg","KY","21221",6751,1587,4931
"Trimble","KY","21223",3798,879,2771
"Union","KY","21225",6211,1331,4701
"Warren","KY","21227",48454,16966,28673
"Washington","KY","21229",5636,1420,4013
"Wayne","KY","21231",7992,1431,6371
"Webster","KY","21233",5805,1240,4397
"Whitley","KY","21235",13774,2067,11312
"Wolfe","KY","21237",2635,753,1804
"Woodford","KY","21239",13563,4958,7697
"Allegany","MD","24001",30654,7875,21270
"Anne Arundel","MD","24003",270081,128419,122403
"Baltimore","MD","24510",239402,202673,25205
"Baltimore","MD","24005",390682,218412,149477
"Calvert","MD","24009",47408,18225,26176
"Caroline","MD","24011",14113,4009,9368
"Carroll","MD","24013",91848,26567,58215
"Cecil","MD","24015",45269,13650,28868
"Charles","MD","24017",78303,49341,25614
"Dorchester","MD","24019",15225,6245,8413
"Frederick","MD","24021",125677,56522,59522
"Garrett","MD","24023",14011,2567,10776
"Harford","MD","24025",133672,47077,77860
"Howard","MD","24027",162193,102597,47484
"Kent","MD","24029",10021,4575,4876
"Montgomery","MD","24031",478873,357837,92704
"Prince George's","MD","24033",390385,344049,32811
"Queen Anne's","MD","24035",26523,7973,16993
"St. Mary's","MD","24037",49842,17534,28663
"Somerset","MD","24039",9900,4196,5341
"Talbot","MD","24041",20553,8653,10724
"Washington","MD","24043",65991,21129,40998
"Wicomico","MD","24045",42547,18050,22198
"Worcester","MD","24047",28273,9753,17210
"Adams","MS","28001",13836,7757,5874
"Alcorn","MS","28003",14783,2684,11819
"Amite","MS","28005",7050,2697,4289
"Attala","MS","28007",8256,3242,4897
"Benton","MS","28009",4022,1719,2251
"Bolivar","MS","28011",13824,9046,4590
"Calhoun","MS","28013",6396,1910,4390
"Carroll","MS","28015",5528,1680,3799
"Chickasaw","MS","28017",7890,3649,4127
"Choctaw","MS","28019",4065,1218,2788
"Claiborne","MS","28021",4272,3708,540
"Clarke","MS","28023",7791,2585,5137
"Clay","MS","28025",10003,5722,4150
"Coahoma","MS","28027",8912,6378,2426
"Copiah","MS","28029",12982,6741,6103
"Covington","MS","28031",8811,3276,5435
"DeSoto","MS","28033",66155,20591,43089
"Forrest","MS","28035",28064,11716,15461
"Franklin","MS","28037",4290,1502,2721
"George","MS","28039",9891,1027,8696
"Greene","MS","28041",5369,974,4335
"Grenada","MS","28043",10513,4424,5970
"Hancock","MS","28045",17637,3344,13811
"Harrison","MS","28047",63313,21169,40354
"Hinds","MS","28049",95077,67594,25275
"Holmes","MS","28051",8076,6689,1309
"Humphreys","MS","28053",4253,3071,1151
"Issaquena","MS","28055",699,395,298
"Itawamba","MS","28057",9737,1117,8470
"Jackson","MS","28059",49567,14657,33629
"Jasper","MS","28061",8475,4368,4038
"Jefferson","MS","28063",3860,3337,490
"Jefferson Davis","MS","28065",6237,3720,2466
"Jones","MS","28067",28352,7791,20133
"Kemper","MS","28069",4639,2827,1778
"Lafayette","MS","28071",19643,7969,10872
"Lamar","MS","28073",24592,5190,18751
"Lauderdale","MS","28075",29506,11269,17741
"Lawrence","MS","28077",6364,2195,4091
"Leake","MS","28079",8449,3584,4782
"Lee","MS","28081",32913,10029,22220
"Leflore","MS","28083",11140,7787,3212
"Lincoln","MS","28085",15193,4458,10550
"Lowndes","MS","28087",25695,11819,13271
"Madison","MS","28089",50131,20343,28265
"Marion","MS","28091",11693,3677,7836
"Marshall","MS","28093",14839,8023,6587
"Monroe","MS","28095",15884,5524,10167
"Montgomery","MS","28097",4996,2115,2818
"Neshoba","MS","28099",10553,2715,7679
"Newton","MS","28101",9438,2756,6548
"Noxubee","MS","28103",5574,4347,1200
"Oktibbeha","MS","28105",18124,8859,8576
"Panola","MS","28107",15064,7431,7449
"Pearl River","MS","28109",21883,3604,17782
"Perry","MS","28111",5432,1220,4135
"Pike","MS","28113",16360,8043,8009
"Pontotoc","MS","28115",12984,2386,10336
"Prentiss","MS","28117",9872,2067,7648
"Quitman","MS","28119",3365,2312,1001
"Rankin","MS","28121",63110,14110,47178
"Scott","MS","28123",10522,4268,6122
"Sharkey","MS","28125",2190,1479,692
"Simpson","MS","28127",11419,3874,7393
"Smith","MS","28129",7627,1617,5928
"Stone","MS","28131",7045,1573,5306
"Sunflower","MS","28133",9598,6725,2794
"Tallahatchie","MS","28135",5870,3337,2462
"Tate","MS","28137",11627,3926,7495
"Tippah","MS","28139",9260,1842,7240
"Tishomingo","MS","28141",8371,999,7166
"Tunica","MS","28143",3567,2667,853
"Union","MS","28145",11496,2012,9235
"Walthall","MS","28147",6919,2790,4056
"Warren","MS","28149",19416,9284,9767
"Washington","MS","28151",16825,11380,5244
"Wayne","MS","28153",9599,3524,5990
"Webster","MS","28155",5069,1019,3976
"Wilkinson","MS","28157",4218,2857,1318
"Winston","MS","28159",8881,3850,4910
"Yalobusha","MS","28161",6077,2582,3376
"Yazoo","MS","28163",10070,5369,4598
"Albany","NY","36001",139830,83077,47810
"Allegany","NY","36003",18692,4882,12525
"Broome","NY","36007",86072,39212,40943
"Cattaraugus","NY","36009",31161,9497,19692
"Cayuga","NY","36011",33172,13522,17384
"Chautauqua","NY","36013",54234,19091,31594
"Chemung","NY","36015",36119,13757,20097
"Chenango","NY","36017",20160,6775,11921
"Clinton","NY","36019",32105,15059,14449
"Columbia","NY","36021",30902,15284,13756
"Cortland","NY","36023",20244,8771,9900
"Delaware","NY","36025",19792,6627,11942
"Dutchess","NY","36027",130934,62261,61797
"Erie","NY","36029",423625,215456,188303
"Essex","NY","36031",17218,7762,7958
"Franklin","NY","36033",16952,7297,8221
"Fulton","NY","36035",21214,6496,13462
"Genesee","NY","36037",26432,7650,16915
"Greene","NY","36039",22050,7405,13073
"Hamilton","NY","36041",3225,949,2064
"Herkimer","NY","36043",26255,8083,16699
"Jefferson","NY","36045",38236,13809,21763
"Lewis","NY","36049",11325,3146,7400
"Livingston","NY","36051",30031,10697,17290
"Madison","NY","36053",30064,11667,15936
"Monroe","NY","36055",347790,188592,136582
"Montgomery","NY","36057",19054,6595,11301
"Nassau","NY","36059",636967,326088,288313
"Niagara","NY","36063",92402,35559,51961
"Oneida","NY","36065",91009,33743,51437
"Onondaga","NY","36067",208440,112337,83649
"Ontario","NY","36069",52258,22233,26029
"Orange","NY","36071",152021,68278,76645
"Orleans","NY","36073",16380,4470,10936
"Oswego","NY","36075",48180,17095,27688
"Otsego","NY","36077",25668,10451,13308
"Putnam","NY","36079",48563,19366,27024
"Rensselaer","NY","36083",71562,32717,33726
"Rockland","NY","36087",135087,69342,60911
"St. Lawrence","NY","36089",39158,16488,19942
"Saratoga","NY","36091",114094,50913,54575
"Schenectady","NY","36093",67280,33747,28953
"Schoharie","NY","36095",14050,4240,8831
"Schuyler","NY","36097",8772,3091,5050
"Seneca","NY","36099",13980,5697,7236
"Steuben","NY","36101",42002,12526,26831
"Suffolk","NY","36103",630846,277314,328885
"Sullivan","NY","36105",29955,12568,15931
"Tioga","NY","36107",22299,7526,13260
"Tompkins","NY","36109",42678,28890,10371
"Ulster","NY","36111",81355,42101,34006
"Warren","NY","36113",31408,13091,15751
"Washington","NY","36115",24528,9098,13610
"Wayne","NY","36117",39687,13473,23380
"Westchester","NY","36119",420655,272926,131238
"Wyoming","NY","36121",17298,3904,12442
"Yates","NY","36123",10066,3659,5660
"Bronx","NY","36005",399514,353646,37797
"Kings","NY","36047",805605,640553,141044
"New York","NY","36061",668818,579013,64929
"Queens","NY","36081",686393,517220,149341
"Richmond","NY","36085",180960,74143,101437
"Alamance","NC","37001",71157,29833,38815
"Alexander","NC","37003",18271,3767,13893
"Alleghany","NC","37005",5315,1306,3814
"Anson","NC","37007",10545,5859,4506
"Ashe","NC","37009",13424,3500,9412
"Avery","NC","37011",8249,1689,6298
"Beaufort","NC","37013",23938,8764,14543
"Bertie","NC","37015",9347,5778,3456
"Bladen","NC","37017",15897,7058,8550
"Brunswick","NC","37019",68351,23282,42720
"Buncombe","NC","37021",138947,75452,55716
"Burke","NC","37023",38920,11251,26238
"Cabarrus","NC","37025",93289,35521,53819
"Caldwell","NC","37027",36320,8425,26621
"Camden","NC","37029",5006,1274,3546
"Carteret","NC","37031",37781,9939,26569
"Caswell","NC","37033",11070,4792,6026
"Catawba","NC","37035",72351,21216,48324
"Chatham","NC","37037",39849,21065,17105
"Cherokee","NC","37039",14181,2860,10844
"Chowan","NC","37041",7228,2992,4014
"Clay","NC","37043",6010,1367,4437
"Cleveland","NC","37045",44673,14964,28479
"Columbus","NC","37047",23732,9063,14272
"Craven","NC","37049",47001,17630,27731
"Cumberland","NC","37051",127506,71605,51265
"Currituck","NC","37053",12669,2913,9163
"Dare","NC","37055",19609,7222,11460
"Davidson","NC","37057",74856,18109,54317
"Davie","NC","37059",21756,5270,15602
"Duplin","NC","37061",20845,8283,12217
"Durham","NC","37063",156134,121250,28350
"Edgecombe","NC","37065",24886,16224,8261
"Forsyth","NC","37067",178312,94464,75975
"Franklin","NC","37069",30368,12874,16368
"Gaston","NC","37071",96431,31177,61798
"Gates","NC","37073",5392,2385,2874
"Graham","NC","37075",4168,768,3283
"Granville","NC","37077",27353,12909,13591
"Greene","NC","37079",8095,3605,4374
"Guilford","NC","37081",257405,149248,98062
"Halifax","NC","37083",25167,15748,9031
"Harnett","NC","37085",46065,16737,27614
"Haywood","NC","37087",30727,10473,18929
"Henderson","NC","37089",58176,19827,35809
"Hertford","NC","37091",10186,6910,3099
"Hoke","NC","37093",18230,9726,7760
"Hyde","NC","37095",2304,965,1288
"Iredell","NC","37097",82567,24734,54754
"Jackson","NC","37099",18713,7713,9870
"Johnston","NC","37101",85909,28362,54372
"Jones","NC","37103",5135,2065,2974
"Lee","NC","37105",25084,10469,13712
"Lenoir","NC","37107",26807,12634,13613
"Lincoln","NC","37109",40023,9897,28806
"McDowell","NC","37111",19875,4667,14568
"Macon","NC","37113",17734,4876,12127
"Madison","NC","37115",11269,3926,6783
"Martin","NC","37117",11964,5846,5897
"Mecklenburg","NC","37119",472857,294562,155518
"Mitchell","NC","37121",8096,1596,6282
"Montgomery","NC","37123",11540,4150,7130
"Moore","NC","37125",48692,16329,30490
"Nash","NC","37127",47665,23235,23319
"New Hanover","NC","37129",111905,50979,55344
"Northampton","NC","37131",9848,6144,3582
"Onslow","NC","37133",57135,17514,37122
"Orange","NC","37135",82340,59923,18557
"Pamlico","NC","37137",6870,2448,4258
"Pasquotank","NC","37139",17391,8615,8180
"Pender","NC","37141",27885,9354,17639
"Perquimans","NC","37143",6708,2319,4177
"Person","NC","37145",19615,7833,11185
"Pitt","NC","37147",80527,41824,35691
"Polk","NC","37149",10934,3735,6768
"Randolph","NC","37151",64575,13194,49430
"Richmond","NC","37153",19328,8501,10383
"Robeson","NC","37155",40858,19016,20762
"Rockingham","NC","37157",42278,14228,26830
"Rowan","NC","37159",64369,19400,42810
"Rutherford","NC","37161",30307,7512,21871
"Sampson","NC","37163",25928,10547,14838
"Scotland","NC","37165",13928,7319,6256
"Stanly","NC","37167",29917,7094,21964
"Stokes","NC","37169",22550,4665,17116
"Surry","NC","37171",32196,7488,23671
"Swain","NC","37173",6124,2196,3565
"Transylvania","NC","37175",17869,6558,10520
"Tyrrell","NC","37177",1739,720,975
"Union","NC","37179",105710,34337,66707
"Vance","NC","37181",19977,12229,7332
"Wake","NC","37183",527624,302736,196082
"Warren","NC","37185",9842,6413,3214
"Washington","NC","37187",6165,3510,2564
"Watauga","NC","37189",29985,14138,13697
"Wayne","NC","37191",50689,21770,27540
"Wilkes","NC","37193",31296,6638,23752
"Wilson","NC","37195",38135,19663,17531
"Yadkin","NC","37197",17624,3160,13880
"Yancey","NC","37199",9960,3196,6385
"Adams","OH","39001",11412,2326,8659
"Allen","OH","39003",46234,13294,30487
"Ashland","OH","39005",24737,5740,17493
"Ashtabula","OH","39007",41180,15577,23318
"Athens","OH","39009",29709,16370,11354
"Auglaize","OH","39011",23794,3980,18658
"Belmont","OH","39013",31331,8785,21108
"Brown","OH","39015",19682,4353,14573
"Butler","OH","39017",174994,58642,106976
"Carroll","OH","39019",13148,3154,9254
"Champaign","OH","39021",18243,4594,12631
"Clark","OH","39023",61893,23328,35205
"Clermont","OH","39025",99972,26715,67518
"Clinton","OH","39027",18766,4066,13838
"Columbiana","OH","39029",46492,12432,31676
"Coshocton","OH","39031",15659,4013,10785
"Crawford","OH","39033",19329,4625,13611
"Cuyahoga","OH","39035",608873,398271,184211
"Darke","OH","39037",25601,4470,20012
"Defiance","OH","39039",18349,5368,11688
"Delaware","OH","39041",105639,40872,57568
"Erie","OH","39043",37862,16057,19648
"Fairfield","OH","39045",73554,24881,44314
"Fayette","OH","39047",11232,2739,7995
"Franklin","OH","39049",587524,351198,199331
"Fulton","OH","39051",21353,6069,13709
"Gallia","OH","39053",13004,2628,9822
"Geauga","OH","39055",50662,17569,30227
"Greene","OH","39057",82937,28943,48540
"Guernsey","OH","39059",16647,4359,11445
"Hamilton","OH","39061",409109,215719,173665
"Hancock","OH","39063",36234,9609,24183
"Hardin","OH","39065",12354,2920,8717
"Harrison","OH","39067",7105,1688,5098
"Henry","OH","39069",14053,3756,9301
"Highland","OH","39071",18588,3773,14020
"Hocking","OH","39073",12929,3775,8497
"Holmes","OH","39075",11106,1788,8720
"Huron","OH","39077",25002,7192,16226
"Jackson","OH","39079",13776,3226,9949
"Jefferson","OH","39081",32411,9675,21117
"Knox","OH","39083",28927,8171,19131
"Lake","OH","39085",117190,46397,64255
"Lawrence","OH","39087",26789,6974,18689
"Licking","OH","39089",83624,27376,51241
"Logan","OH","39091",21712,4647,15957
"Lorain","OH","39093",140562,66949,66818
"Lucas","OH","39095",198830,110833,75698
"Madison","OH","39097",17421,4779,11631
"Mahoning","OH","39099",115958,57381,53616
"Marion","OH","39101",26478,7928,16961
"Medina","OH","39103",92163,32182,54810
"Meigs","OH","39105",10041,2260,7309
"Mercer","OH","39107",21816,3384,17506
"Miami","OH","39109",53094,13120,37079
"Monroe","OH","39111",6853,1662,4868
"Montgomery","OH","39113",259876,122016,123909
"Morgan","OH","39115",6477,1736,4431
"Morrow","OH","39117",16688,3761,11948
"Muskingum","OH","39119",37245,11123,24056
"Noble","OH","39121",6039,1221,4549
"Ottawa","OH","39123",22385,8285,12653
"Paulding","OH","39125",9095,2093,6500
"Perry","OH","39127",15101,4138,10228
"Pickaway","OH","39129",24912,6529,17076
"Pike","OH","39131",11951,3539,7902
"Portage","OH","39133",76762,32397,39971
"Preble","OH","39135",20681,4325,15446
"Putnam","OH","39137",18857,2922,14961
"Richland","OH","39139",55424,16085,36590
"Ross","OH","39141",30565,10356,18652
"Sandusky","OH","39143",28285,9929,16316
"Scioto","OH","39145",31003,9132,20550
"Seneca","OH","39147",24183,7404,14825
"Shelby","OH","39149",23829,4243,18590
"Stark","OH","39151",176165,68146,98388
"Summit","OH","39153",260346,134256,112026
"Trumbull","OH","39155",96676,43014,49024
"Tuscarawas","OH","39157",41606,12188,26918
"Union","OH","39159",27695,7718,18096
"Van Wert","OH","39161",13770,2697,10469
"Vinton","OH","39163",5540,1351,3883
"Warren","OH","39165",118309,33730,77643
"Washington","OH","39167",30137,8026,20514
"Wayne","OH","39169",50217,15031,32270
"Williams","OH","39171",17308,4358,11939
"Wood","OH","39173",64826,27318,32498
"Wyandot","OH","39175",10638,2515,7468
"Adams","PA","42001",47979,14219,31423
"Allegheny","PA","42003",657189,367617,259480
"Armstrong","PA","42005",31864,7178,23484
"Beaver","PA","42007",84462,32531,48167
"Bedford","PA","42009",23637,3645,19552
"Berks","PA","42011",184085,78437,96626
"Blair","PA","42013",55341,13958,39135
"Bradford","PA","42015",25985,6369,18141
"Bucks","PA","42017",344297,167060,164361
"Butler","PA","42019",98051,28586,64431
"Cambria","PA","42021",63585,18867,42258
"Cameron","PA","42023",2186,531,1589
"Carbon","PA","42025",28992,8936,18743
"Centre","PA","42027",77295,37088,35274
"Chester","PA","42029",273026,141694,116147
"Clarion","PA","42031",17660,4273,12576
"Clearfield","PA","42033",34550,8200,24932
"Clinton","PA","42035",15503,4744,10022
"Columbia","PA","42037",28506,8934,18004
"Crawford","PA","42039",37788,10971,24987
"Cumberland","PA","42041",123486,47085,69076
"Dauphin","PA","42043",131783,64706,60863
"Delaware","PA","42045",299336,177402,110667
"Elk","PA","42047",14531,3853,10025
"Erie","PA","42049",125129,58112,60069
"Fayette","PA","42051",53767,17946,34590
"Forest","PA","42053",2420,626,1684
"Franklin","PA","42055",70502,17465,49768
"Fulton","PA","42057",6822,912,5694
"Greene","PA","42059",15868,4482,10849
"Huntingdon","PA","42061",19864,4539,14494
"Indiana","PA","42063",38122,11528,24888
"Jefferson","PA","42065",19585,3650,15192
"Juniata","PA","42067",10545,1821,8273
"Lackawanna","PA","42069",104391,51983,48384
"Lancaster","PA","42071",244832,91093,137914
"Lawrence","PA","42073",41072,14009,25428
"Lebanon","PA","42075",62444,18953,40525
"Lehigh","PA","42077",160993,81324,73690
"Luzerne","PA","42079",135901,52451,78688
"Lycoming","PA","42081",51121,13020,35627
"McKean","PA","42083",16454,4025,11635
"Mercer","PA","42085",52839,18733,31544
"Mifflin","PA","42087",18721,3877,14094
"Monroe","PA","42089",69752,33918,33386
"Montgomery","PA","42091",438652,256082,162731
"Montour","PA","42093",8556,2857,5288
"Northampton","PA","42095",144569,66275,71736
"Northumberland","PA","42097",36888,9788,25427
"Perry","PA","42099",21371,4632,15616
"Philadelphia","PA","42101",709618,584025,108748
"Pike","PA","42103",26101,9256,16056
"Potter","PA","42105",7784,1302,6251
"Schuylkill","PA","42107",63385,16770,44001
"Snyder","PA","42109",16486,4002,11725
"Somerset","PA","42111",36073,7376,27379
"Sullivan","PA","42113",3136,750,2291
"Susquehanna","PA","42115",19043,5123,12891
"Tioga","PA","42117",18482,3901,13614
"Union","PA","42119",17694,6180,10622
"Venango","PA","42121",23530,6309,16021
"Warren","PA","42123",18434,5145,12477
"Washington","PA","42125",102210,36322,61386
"Wayne","PA","42127",24018,7008,16244
"Westmoreland","PA","42129",183476,59669,116522
"Wyoming","PA","42131",13255,3811,8837
"York","PA","42133",208029,68524,128528
"Abbeville","SC","45001",10775,3741,6763
"Aiken","SC","45003",74851,25455,46025
"Allendale","SC","45005",3592,2735,789
"Anderson","SC","45007",80483,21097,56232
"Bamberg","SC","45009",6214,3898,2204
"Barnwell","SC","45011",9485,4400,4889
"Beaufort","SC","45013",78524,32138,42922
"Berkeley","SC","45015",79517,30705,44587
"Calhoun","SC","45017",7549,3573,3787
"Charleston","SC","45019",176345,89299,75443
"Cherokee","SC","45021",21759,6092,15167
"Chester","SC","45023",14192,6579,7265
"Chesterfield","SC","45025",16581,6858,9312
"Clarendon","SC","45027",15395,7732,7386
"Colleton","SC","45029",17251,7627,9091
"Darlington","SC","45031",29674,13888,14989
"Dillon","SC","45033",11698,5834,5637
"Dorchester","SC","45035",62567,24055,34987
"Edgefield","SC","45037",11644,4491,6842
"Fairfield","SC","45039",11267,6945,4027
"Florence","SC","45041",57931,26710,29573
"Georgetown","SC","45043",31657,13310,17389
"Greenville","SC","45045",215165,74483,127832
"Greenwood","SC","45047",28763,10711,16961
"Hampton","SC","45049",8806,5170,3488
"Horry","SC","45051",132920,39410,89288
"Jasper","SC","45053",11427,5956,5187
"Kershaw","SC","45055",28995,10330,17542
"Lancaster","SC","45057",38938,13812,23719
"Laurens","SC","45059",26566,8889,16816
"Lee","SC","45061",8156,5199,2803
"Lexington","SC","45063",122093,35230,80026
"McCormick","SC","45065",5216,2479,2652
"Marion","SC","45067",14276,8569,5444
"Marlboro","SC","45069",10389,5954,4267
"Newberry","SC","45071",16807,6217,10017
"Oconee","SC","45073",33635,7998,24178
"Orangeburg","SC","45075",38910,26318,11931
"Pickens","SC","45077",49049,10354,36236
"Richland","SC","45079",168722,108000,52469
"Saluda","SC","45081",8564,2813,5526
"Spartanburg","SC","45083",121090,39997,76277
"Sumter","SC","45085",44086,24047,18745
"Union","SC","45087",12092,4729,7061
"Williamsburg","SC","45089",15054,9953,4864
"York","SC","45091",114357,41593,66754
"Anderson","TN","47001",29881,9013,19212
"Bedford","TN","47003",15355,3395,11486
"Benton","TN","47005",6328,1474,4716
"Bledsoe","TN","47007",4664,897,3622
"Blount","TN","47009",52208,12100,37443
"Bradley","TN","47011",38666,7070,29768
"Campbell","TN","47013",12532,2248,9870
"Cannon","TN","47015",5314,1127,4007
"Carroll","TN","47017",10384,2327,7756
"Carter","TN","47019",21084,3453,16898
"Cheatham","TN","47021",15924,3878,11297
"Chester","TN","47023",6507,1243,5081
"Claiborne","TN","47025",10740,1832,8602
"Clay","TN","47027",2920,707,2141
"Cocke","TN","47029",12126,1981,9791
"Coffee","TN","47031",19971,4743,14417
"Crockett","TN","47033",5397,1303,3982
"Cumberland","TN","47035",26360,5202,20413
"Davidson","TN","47037",249068,148864,84550
"Decatur","TN","47039",4592,894,3588
"DeKalb","TN","47041",6955,1569,5171
"Dickson","TN","47043",18699,4722,13233
"Dyer","TN","47045",13336,2816,10180
"Fayette","TN","47047",19394,5874,13055
"Fentress","TN","47049",7333,1100,6038
"Franklin","TN","47051",16404,4374,11532
"Gibson","TN","47053",19547,5258,13786
"Giles","TN","47055",11137,2917,7970
"Grainger","TN","47057",8008,1154,6626
"Greene","TN","47059",23583,4216,18562
"Grundy","TN","47061",4763,999,3636
"Hamblen","TN","47063",20692,4075,15857
"Hamilton","TN","47065",142408,55316,78733
"Hancock","TN","47067",2231,322,1843
"Hardeman","TN","47069",9273,4185,4919
"Hardin","TN","47071",9949,1622,8012
"Hawkins","TN","47073",20774,3507,16648
"Haywood","TN","47075",6834,3711,3013
"Henderson","TN","47077",10217,1800,8138
"Henry","TN","47079",12945,3063,9508
"Hickman","TN","47081",7813,1824,5695
"Houston","TN","47083",3168,866,2182
"Humphreys","TN","47085",7153,1967,4930
"Jackson","TN","47087",4466,1129,3236
"Jefferson","TN","47089",19072,3494,14776
"Johnson","TN","47091",6579,988,5410
"Knox","TN","47093",180697,62878,105767
"Lake","TN","47095",1970,577,1357
"Lauderdale","TN","47097",8087,3056,4884
"Lawrence","TN","47099",15666,2821,12420
"Lewis","TN","47101",4622,890,3585
"Lincoln","TN","47103",13348,2554,10398
"Loudon","TN","47105",23391,4919,17610
"McMinn","TN","47107",18755,3510,14691
"McNairy","TN","47109",10038,1848,7841
"Macon","TN","47111",7504,1072,6263
"Madison","TN","47113",38120,15448,21335
"Marion","TN","47115",10862,2832,7696
"Marshall","TN","47117",11455,2852,8184
"Maury","TN","47119",35369,10038,23799
"Meigs","TN","47121",4320,856,3342
"Monroe","TN","47123",17093,3186,13374
"Montgomery","TN","47125",57620,21699,32341
"Moore","TN","47127",2926,496,2325
"Morgan","TN","47129",6705,1054,5441
"Obion","TN","47131",12249,2426,9526
"Overton","TN","47133",8229,1945,6059
"Perry","TN","47135",2855,597,2167
"Pickett","TN","47137",2615,536,2021
"Polk","TN","47139",6520,1252,5097
"Putnam","TN","47141",27212,6851,19002
"Rhea","TN","47143",11062,1942,8660
"Roane","TN","47145",21669,4837,15880
"Robertson","TN","47147",27113,6637,19410
"Rutherford","TN","47149",107436,36706,64515
"Scott","TN","47151",7123,934,6044
"Sequatchie","TN","47153",5694,1053,4441
"Sevier","TN","47155",36312,6297,28629
"Shelby","TN","47157",337383,208992,116344
"Smith","TN","47159",7436,1689,5494
"Stewart","TN","47161",5299,1222,3864
"Sullivan","TN","47163",62278,12578,46979
"Sumner","TN","47165",71505,18161,50129
"Tipton","TN","47167",23481,5785,16910
"Trousdale","TN","47169",3160,946,2103
"Unicoi","TN","47171",7195,1262,5671
"Union","TN","47173",6247,1012,5053
"Van Buren","TN","47175",2419,539,1820
"Warren","TN","47177",13612,3535,9540
"Washington","TN","47179",49750,13024,34252
"Wayne","TN","47181",5857,717,5036
"Weakley","TN","47183",12184,2772,9008
"White","TN","47185",9825,1845,7671
"Williamson","TN","47187",106271,31013,68212
"Wilson","TN","47189",56734,14385,39406
"Accomack","VA","51001",15818,6740,8583
"Albemarle","VA","51003",56726,33345,19259
"Alleghany","VA","51005",7325,2166,4874
"Amelia","VA","51007",7040,2128,4708
"Amherst","VA","51009",15396,5057,9719
"Appomattox","VA","51011",7997,2023,5715
"Arlington","VA","51013",121339,92016,20186
"Augusta","VA","51015",36343,8177,26163
"Bath","VA","51017",2253,603,1548
"Bedford","VA","51019",42525,9768,30659
"Bland","VA","51021",3139,453,2573
"Botetourt","VA","51023",18739,4494,13375
"Brunswick","VA","51025",7669,4481,3046
"Buchanan","VA","51027",9247,1721,7296
"Buckingham","VA","51029",7289,3128,3950
"Campbell","VA","51031",27535,6664,19551
"Caroline","VA","51033",14248,6432,7147
"Carroll","VA","51035",13655,2559,10663
"Charles City","VA","51036",4107,2496,1476
"Charlotte","VA","51037",5807,2155,3479
"Chesterfield","VA","51041",176362,81074,85045
"Clarke","VA","51043",8213,3051,4661
"Craig","VA","51045",2791,541,2140
"Culpeper","VA","51047",22218,7759,13349
"Cumberland","VA","51049",4906,2036,2697
"Dickenson","VA","51051",6440,1335,4932
"Dinwiddie","VA","51053",13575,5765,7447
"Essex","VA","51057",5372,2542,2657
"Fairfax","VA","51059",551183,355133,157710
"Fauquier","VA","51061",37460,12971,22127
"Floyd","VA","51063",8050,2300,5293
"Fluvanna","VA","51065",13592,5760,7025
"Franklin","VA","51067",26971,7257,18569
"Frederick","VA","51069",40440,11932,26083
"Giles","VA","51071",8212,1950,5910
"Gloucester","VA","51073",19619,5404,13096
"Goochland","VA","51075",14037,4889,8384
"Grayson","VA","51077",7285,1407,5592
"Greene","VA","51079",9607,2924,5945
"Greensville","VA","51081",4363,2558,1737
"Halifax","VA","51083",16994,6897,9704
"Hanover","VA","51085",62723,19382,39630
"Henrico","VA","51087",163536,93935,59857
"Henry","VA","51089",24091,8198,15208
"Highland","VA","51091",1391,371,958
"Isle of Wight","VA","51093",21075,7881,12204
"James City","VA","51095",43169,19105,21306
"King George","VA","51099",12050,4007,7341
"King and Queen","VA","51097",3690,1468,2099
"King William","VA","51101",9146,2760,5975
"Lancaster","VA","51103",6645,2869,3523
"Lee","VA","51105",9399,1627,7543
"Loudoun","VA","51107",183050,100795,69949
"Louisa","VA","51109",17612,6212,10528
"Lunenburg","VA","51111",5586,2227,3204
"Madison","VA","51113",6979,2203,4419
"Mathews","VA","51115",5311,1563,3517
"Mecklenburg","VA","51117",14945,6285,8288
"Middlesex","VA","51119",6017,2108,3670
"Montgomery","VA","51121",43031,20021,19459
"Nelson","VA","51125",8311,3689,4154
"New Kent","VA","51127",12233,3546,8118
"Northampton","VA","51131",6168,3255,2686
"Northumberland","VA","51133",7397,2852,4302
"Nottoway","VA","51135",6744,2829,3712
"Orange","VA","51137",17267,5957,10521
"Page","VA","51139",10740,2514,7831
"Patrick","VA","51141",8525,1768,6454
"Pittsylvania","VA","51143",31598,9199,21554
"Powhatan","VA","51145",16888,4060,11885
"Prince Edward","VA","51147",9143,4591,4101
"Prince George","VA","51149",16184,6419,9157
"Prince William","VA","51153",196442,113144,71721
"Pulaski","VA","51155",15165,4172,10322
"Rappahannock","VA","51157",4483,1747,2539
"Richmond","VA","51159",3661,1347,2213
"Roanoke","VA","51161",51489,17200,31408
"Rockbridge","VA","51163",10795,3508,6680
"Rockingham","VA","51165",37487,9366,25990
"Russell","VA","51167",12246,2330,9521
"Scott","VA","51169",10100,1581,8247
"Shenandoah","VA","51171",20508,5273,14094
"Smyth","VA","51173",12890,2665,9750
"Southampton","VA","51175",8872,3595,5035
"Spotsylvania","VA","51177",62549,24207,34623
"Stafford","VA","51179",65934,27908,33868
"Surry","VA","51181",4228,2272,1819
"Sussex","VA","51183",5044,2879,2055
"Tazewell","VA","51185",18566,2895,15168
"Warren","VA","51187",17951,5169,11773
"Washington","VA","51191",25846,5553,19320
"Westmoreland","VA","51193",8574,3836,4448
"Wise","VA","51195",15163,2701,12086
"Wythe","VA","51197",13328,2770,10046
"York","VA","51199",34113,12999,18837
"Alexandria","VA","51510",75762,57242,13285
"Bristol","VA","51520",7027,1835,4892
"Buena Vista","VA","51530",2407,693,1430
"Charlottesville","VA","51540",22467,17901,2960
"Chesapeake","VA","51550",112662,52627,54047
"Colonial Heights","VA","51570",8457,2367,5681
"Covington","VA","51580",2382,914,1349
"Danville","VA","51590",18940,11059,7303
"Emporia","VA","51595",2366,1530,789
"Fairfax","VA","51600",12028,7367,3702
"Falls Church","VA","51610",7757,5819,1324
"Franklin","VA","51620",4061,2519,1421
"Fredericksburg","VA","51630",11257,6707,3744
"Galax","VA","51640",2376,681,1603
"Hampton","VA","51650",62277,41312,17902
"Harrisonburg","VA","51660",17987,10212,6262
"Hopewell","VA","51670",9008,4724,3885
"Lexington","VA","51678",2465,1514,766
"Lynchburg","VA","51680",35657,14792,17982
"Manassas","VA","51683",15411,8423,5953
"Manassas Park","VA","51685",5232,3204,1733
"Martinsville","VA","51690",5907,3533,2149
"Newport News","VA","51700",75637,45618,25468
"Norfolk","VA","51710",83385,57023,21552
"Norton","VA","51720",1460,383,1021
"Petersburg","VA","51730",13786,12021,1451
"Poquoson","VA","51735",7177,1601,5092
"Portsmouth","VA","51740",43261,28497,12795
"Radford","VA","51750",6082,2925,2638
"Richmond","VA","51760",103406,81259,15581
"Roanoke","VA","51770",39466,22286,14789
"Salem","VA","51775",12225,4202,7226
"Staunton","VA","51790",11255,5333,5133
"Suffolk","VA","51800",43240,23280,18006
"Virginia Beach","VA","51810",203019,91032,98224
"Waynesboro","VA","51820",9204,3764,4801
"Williamsburg","VA","51830",7626,5206,1925
"Winchester","VA","51840",10665,5164,4790
"Barbour","WV","54001",6116,1222,4527
"Berkeley","WV","54003",43364,12321,28244
"Boone","WV","54005",8779,1790,6504
"Braxton","WV","54007",5100,1321,3537
"Brooke","WV","54009",9696,2568,6625
"Cabell","WV","54011",33585,11447,19850
"Calhoun","WV","54013",2638,456,2035
"Clay","WV","54015",2995,568,2300
"Doddridge","WV","54017",2863,362,2358
"Fayette","WV","54019",15478,4290,10357
"Gilmer","WV","54021",2579,545,1896
"Grant","WV","54023",4965,512,4346
"Greenbrier","WV","54025",14224,3765,9556
"Hampshire","WV","54027",8679,1580,6692
"Hancock","WV","54029",12802,3262,8909
"Hardy","WV","54031",5674,1155,4274
"Harrison","WV","54033",28351,7694,18750
"Jackson","WV","54035",12304,2663,9020
"Jefferson","WV","54037",24508,9518,13204
"Kanawha","WV","54039",76888,28263,43850
"Lewis","WV","54041",6936,1347,5274
"Lincoln","WV","54043",7137,1459,5307
"Logan","WV","54045",12440,2092,9897
"McDowell","WV","54047",6246,1438,4629
"Marion","WV","54049",23364,6964,14668
"Marshall","WV","54051",13351,2918,9666
"Mason","WV","54053",10269,2081,7654
"Mercer","WV","54055",23197,4704,17404
"Mineral","WV","54057",11671,2050,9070
"Mingo","WV","54059",9510,1370,7911
"Monongalia","WV","54061",36764,14699,18432
"Monroe","WV","54063",5852,1111,4443
"Morgan","WV","54065",7737,1573,5732
"Nicholas","WV","54067",9579,1840,7251
"Ohio","WV","54069",18214,5493,11139
"Pendleton","WV","54071",3254,729,2398
"Pleasants","WV","54073",3179,621,2358
"Pocahontas","WV","54075",3675,928,2496
"Preston","WV","54077",12764,2470,9538
"Putnam","WV","54079",25211,5884,17788
"Raleigh","WV","54081",29892,6443,22048
"Randolph","WV","54083",10969,2735,7629
"Ritchie","WV","54085",4105,496,3405
"Roane","WV","54087",5315,1222,3781
"Summers","WV","54089",4893,1190,3455
"Taylor","WV","54091",6593,1491,4733
"Tucker","WV","54093",3501,751,2565
"Tyler","WV","54095",3692,507,2996
"Upshur","WV","54097",9298,1766,7005
"Wayne","WV","54099",15347,3357,11152
"Webster","WV","54101",3011,556,2302
"Wetzel","WV","54103",6312,1359,4519
"Wirt","WV","54105",2422,386,1911
"Wood","WV","54107",36063,8400,25434
"Wyoming","WV","54109",7880,1062,6547
